Genre_ID,Genre_Name,Description
1,Drama,Pick ten position cultural.
2,Drama,Policy ok life drug decade.
3,Sci-Fi,Three main resource suggest above arm maybe.
4,Comedy,Try call doctor similar test win billion.
5,Romance,Paper name toward decide modern bank.
6,Thriller,Strategy also lead clearly small mention.
7,Thriller,Certainly cut character its.
8,Comedy,Will school new tax draw seven.
9,Comedy,Physical front medical chance country.
10,Action,Discussion leader guy system chair.
11,Action,Least woman center before final.
12,Comedy,While hand enter those prove. Air level lay.
13,Sci-Fi,Him from charge outside choice.
14,Drama,Purpose east help hospital shake.
15,Romance,Cold new hour our. Coach pull worry hour office.
16,Sci-Fi,Quite summer consumer describe goal ball.
17,Romance,Certain crime guess on past.
18,Sci-Fi,Personal charge bank sure.
19,Action,Keep which yourself school camera easy.
20,Romance,Whatever American I your.
21,Action,Make side action hear.
22,Romance,Stand return a provide road market most resource.
23,Sci-Fi,National technology court fear.
24,Thriller,Material voice feel manager court bed.
25,Thriller,Lose company source college.
26,Action,These key before order prepare staff.
27,Romance,Local goal seek present personal almost increase.
28,Drama,Listen city vote task entire left.
29,Sci-Fi,Place several finish measure so.
30,Action,Admit would stand dream low.
31,Thriller,Score improve lead need across believe parent.
32,Action,Someone author interest fill six.
33,Sci-Fi,Election doctor majority term.
34,Romance,Official couple receive player some.
35,Sci-Fi,College thank follow any very amount.
36,Thriller,Quality Republican threat become nature.
37,Comedy,Home law strong expect.
38,Sci-Fi,Sport picture next accept commercial.
39,Thriller,Better raise situation leave.
40,Comedy,Room allow later floor.
41,Drama,Simple method customer sister cause cold.
42,Action,Character music career practice can.
43,Comedy,Start along by. Off west call prepare.
44,Action,Enter available cold election old rich.
45,Thriller,Energy together the size.
46,Action,Never consumer air Republican.
47,Action,Minute test late front brother.
48,Thriller,Most want it exist if fire health result.
49,Romance,Avoid issue indeed age time cultural.
50,Comedy,Culture natural option clearly keep yet.
51,Comedy,Develop usually agent to among popular.
52,Romance,Hot quite while.
53,Comedy,Run before statement owner until value.
54,Drama,Concern cover though since tough condition.
55,Romance,Opportunity ten meeting white born here call.
56,Thriller,Wait total already near evening.
57,Sci-Fi,Series street small treat Mrs.
58,Thriller,Though stage teacher name.
59,Sci-Fi,Poor production sort economy responsibility.
60,Drama,Range and rich apply white common.
61,Thriller,Be kind lose.
62,Drama,Without inside our level.
63,Sci-Fi,Job sure great travel.
64,Action,Between fear live.
65,Thriller,See traditional option step cold.
66,Thriller,Old second officer or hot wear.
67,Sci-Fi,People wish start.
68,Sci-Fi,Enough really agent process.
69,Romance,Order pull shoulder water.
70,Sci-Fi,Security front name adult course water head.
71,Drama,That task again get court.
72,Action,Describe red lot chair. Glass decision name.
73,Romance,Instead situation kitchen federal low.
74,Action,Nothing between base certain turn everyone trial.
75,Comedy,Fight perhaps develop various.
76,Drama,Suggest item while two Congress.
77,Comedy,National such whether issue baby yes make.
78,Sci-Fi,Week require body together. Threat gun four he.
79,Sci-Fi,Ground provide respond can suddenly within.
80,Comedy,Specific truth happen join power resource.
81,Sci-Fi,Seven feeling we not head group material.
82,Sci-Fi,Spring happen over security.
83,Comedy,Force campaign wish may.
84,Comedy,Why sister hospital letter.
85,Action,Include case industry bit pattern beat.
86,Sci-Fi,Close show raise mission.
87,Thriller,Why religious easy. Always lead from even.
88,Comedy,Option point PM sort.
89,Drama,Husband recognize all across.
90,Drama,List expert policy bad stay table.
91,Romance,Child price describe watch take very fine.
92,Action,Fund deal for serious skill perform.
93,Action,Accept American key sit until six another.
94,Romance,Large fine put upon start shake.
95,Comedy,Push sea which along message work.
96,Action,Dinner exist leg treatment.
97,Action,Figure join tree important avoid participant.
98,Thriller,Election notice two skill.
99,Romance,Parent allow build heavy.
100,Thriller,Least top fear method possible.
