Industry_ID,Industry_Name,Country
1,Bollywood,Tokelau
2,Tollywood,Malaysia
3,Kollywood,Italy
4,Bollywood,Yemen
5,Tollywood,Colombia
6,Bollywood,Suriname
7,Mollywood,Greenland
8,Kollywood,Gabon
9,Mollywood,Philippines
10,Tollywood,Svalbard & Jan Mayen Islands
11,Kollywood,Angola
12,Tollywood,Suriname
13,Tollywood,Pitcairn Islands
14,Kollywood,Martinique
15,Hollywood,Morocco
16,Hollywood,Trinidad and Tobago
17,Kollywood,Svalbard & Jan Mayen Islands
18,Hollywood,New Caledonia
19,Mollywood,Grenada
20,Bollywood,Nicaragua
21,Bollywood,Ecuador
22,Kollywood,Armenia
23,Sandalwood,Lao People's Democratic Republic
24,Tollywood,Somalia
25,Tollywood,Lithuania
26,Bollywood,Serbia
27,Sandalwood,Svalbard & Jan Mayen Islands
28,Tollywood,Namibia
29,Tollywood,Papua New Guinea
30,Hollywood,Singapore
31,Tollywood,Equatorial Guinea
32,Bollywood,Burundi
33,Hollywood,Micronesia
34,Bollywood,Macao
35,Tollywood,Egypt
36,Hollywood,Vietnam
37,Kollywood,Comoros
38,Kollywood,Macao
39,Bollywood,Cape Verde
40,Kollywood,Palestinian Territory
41,Hollywood,Senegal
42,Bollywood,Macao
43,Bollywood,Panama
44,Kollywood,Guinea-Bissau
45,Hollywood,Georgia
46,Mollywood,Vanuatu
47,Sandalwood,Togo
48,Hollywood,Tunisia
49,Tollywood,South Africa
50,Kollywood,Trinidad and Tobago
51,Bollywood,Malawi
52,Kollywood,Slovenia
53,Kollywood,Brazil
54,Tollywood,Canada
55,Tollywood,South Georgia and the South Sandwich Islands
56,Hollywood,Pitcairn Islands
57,Mollywood,Serbia
58,Tollywood,Qatar
59,Tollywood,Tanzania
60,Sandalwood,Guinea
61,Tollywood,Pakistan
62,Mollywood,Bahrain
63,Sandalwood,Mauritania
64,Tollywood,Belize
65,Sandalwood,Sudan
66,Bollywood,Georgia
67,Sandalwood,Romania
68,Mollywood,French Guiana
69,Kollywood,Monaco
70,Hollywood,Lao People's Democratic Republic
71,Kollywood,Sao Tome and Principe
72,Sandalwood,Argentina
73,Kollywood,Mayotte
74,Hollywood,Chad
75,Kollywood,Austria
76,Kollywood,Malawi
77,Mollywood,Albania
78,Bollywood,Namibia
79,Mollywood,Haiti
80,Mollywood,Estonia
81,Hollywood,Philippines
82,Hollywood,Jersey
83,Bollywood,Lebanon
84,Tollywood,Luxembourg
85,Kollywood,Bolivia
86,Mollywood,Tokelau
87,Bollywood,Brazil
88,Hollywood,Bangladesh
89,Tollywood,Iceland
90,Mollywood,Comoros
91,Sandalwood,American Samoa
92,Kollywood,Cuba
93,Bollywood,Brunei Darussalam
94,Bollywood,Mali
95,Kollywood,Montenegro
96,Mollywood,Georgia
97,Kollywood,Germany
98,Tollywood,Slovenia
99,Hollywood,Heard Island and McDonald Islands
100,Tollywood,Belgium
